mode,file_name,source_url,depth,state_id,url_family,sha256,perceptual_hash
optimized,0001_9c18bbd45291.png,https://www.bilibili.com/,0,f167d9f2b0da837daf71afab5ec6e3ca,www.bilibili.com/,9c18bbd452913a38834f57e60e6b6ff05e9d7cbb87932966c64e0c9370d00437,bfd4c0d01dc06f3a
optimized,0002_b459625a5129.png,https://www.bilibili.com/anime,1,0088aa4bbe1d38360e472734ab4443d1,www.bilibili.com/anime,b459625a51298f7f43131ce3e8ac10963112f58a07d5f07b40c2781a351ee987,9614b4bc6a49cbcb
optimized,0003_738d4731c294.png,https://www.bilibili.com/movie,1,4d79520beab8b16a3e30eef7e0309883,www.bilibili.com/movie,738d4731c294f561d70cdcc1d6d3d2b86e091e597999c23c5e75576ac01bc3f8,891ee6a9e629e15a
optimized,0004_526d41c3e0fe.png,https://www.bilibili.com/documentary,1,8d535a4abedfa77f18b243ce1509c0e7,www.bilibili.com/documentary,526d41c3e0fe21a208304d4ef8f151e97e21020c757cbfd9a34a50d160bb9628,c11f3cc3a43be0ce
optimized,0005_9d6045bc0048.png,https://www.bilibili.com/c/game/,1,a2c6313b2fee332de92cee9b0c9cdb86,www.bilibili.com/c/game,9d6045bc004835e72c6790855caa1a7289848960b3b7187d9881a0d52f9c5160,bf14501a3d0f6b99
optimized,0006_c0d1c819c424.png,https://www.bilibili.com/c/music/,1,a1c3aca1d3cbc37749c2f8d96b1c63e7,www.bilibili.com/c/music,c0d1c819c424b2f4a321c69b19125c96bc7b4af810980170ec57371f18d3b11d,bed1441c1f737a81
optimized,0007_310f1fa938c2.png,https://www.bilibili.com/c/dance/,1,5e3111c7ee3848c4ade59e7c6a8986cf,www.bilibili.com/c/dance,310f1fa938c2aeb1e9e85fa23f3dbbeb809eb61a67e08d80a5ee32b77f860ffa,ea94151c7372669d
optimized,0008_e12ad9d07589.png,https://www.bilibili.com/c/knowledge/,1,bdee149f33311d55c83b3c10e8f0193d,www.bilibili.com/c/knowledge,e12ad9d07589de69c767b24842f9e80d3ef68062414b4f92ce1ff022d9dd8ef8,fac517106f4a7a85
optimized,0009_89de65db2922.png,https://www.bilibili.com/anime/index#season_version=-1&spoken_language_type=-1&area=-1&is_finish=-1&copyright=-1&season_status=-1&season_month=-1&year=-1&style_id=-1&order=3&st=1&sort=0&page=1,2,a23409c8fa65ffcc65bc1d31be4b195a,www.bilibili.com/anime/index,89de65db292280e57262befbdf4377eca3fa0455edf254ac9ddc07f85bc77314,b44d51747636c9c9
optimized,0010_b6c182a7d398.png,https://www.bilibili.com/anime/timeline,2,4c30b9330ff198b5f948031756fc26e6,www.bilibili.com/anime/timeline,b6c182a7d3982330a1bad793dc4fe2e40f6ded47cfd8f45f18b209ff14178276,f45455553454d99b
