file_name,package_name,app_name,version_name,activity_name,page_fingerprint,segment_index,depth,device_model,screen_resolution,android_version,capture_time
tv_danmaku_bili__MainActivityV2_tv.danma_s0_1784995794347.png,tv.danmaku.bili,tv.danmaku.bili,9.4.0,tv.danmaku.bili/.MainActivityV2,tv.danmaku.bili/.MainActivityV2|0000100101000100010000000100010001000000000001000100010001000000,0,0,ALN-AL00,1440x2560,12,2026-07-26T00:09:55.226550
tv_danmaku_bili_com_bilibili_search2_main_BiliMainSearchActi_tv.danma_s0_1784995799389.png,tv.danmaku.bili,tv.danmaku.bili,9.4.0,tv.danmaku.bili/com.bilibili.search2.main.BiliMainSearchActivity,tv.danmaku.bili/com.bilibili.search2.main.BiliMainSearchActivity|0000000000800080000020000002000000000000000000000000000000000000,0,0,ALN-AL00,1440x2560,12,2026-07-26T00:09:59.695547
tv_danmaku_bili_com_bilibili_biligame_ui_GameCenterHomeActiv_tv.danma_s0_1784995808655.png,tv.danmaku.bili,tv.danmaku.bili,9.4.0,tv.danmaku.bili/com.bilibili.biligame.ui.GameCenterHomeActivity,tv.danmaku.bili/com.bilibili.biligame.ui.GameCenterHomeActivity|0000008000000000000000000000000000020000000000140000000000000000,0,0,ALN-AL00,1440x2560,12,2026-07-26T00:10:09.533081
tv_danmaku_bili_com_bilibili_lib_ui_GeneralActivity_tv.danma_s0_1784995820434.png,tv.danmaku.bili,tv.danmaku.bili,9.4.0,tv.danmaku.bili/com.bilibili.lib.ui.GeneralActivity,tv.danmaku.bili/com.bilibili.lib.ui.GeneralActivity|0000000000010000080045100110051045100800000008004510011000010110,0,0,ALN-AL00,1440x2560,12,2026-07-26T00:10:20.772961
tv_danmaku_bili_com_bilibili_bplus_following_event_ui_Follow_tv.danma_s0_1784995830961.png,tv.danmaku.bili,tv.danmaku.bili,9.4.0,tv.danmaku.bili/com.bilibili.bplus.following.event.ui.FollowingEventTopicActivity,tv.danmaku.bili/com.bilibili.bplus.following.event.ui.FollowingEventTopicActivity|0000000000000000000000000000000000000000000000000000000000000000,0,0,ALN-AL00,1440x2560,12,2026-07-26T00:10:31.269100
tv_danmaku_bili_com_bilibili_bplus_following_event_ui_Follow_tv.danma_s0_1784995834679.png,tv.danmaku.bili,tv.danmaku.bili,9.4.0,tv.danmaku.bili/com.bilibili.bplus.following.event.ui.FollowingEventTopicActivity,tv.danmaku.bili/com.bilibili.bplus.following.event.ui.FollowingEventTopicActivity|0000000000000000000000000000000000000000000000000000000000000000,0,0,ALN-AL00,1440x2560,12,2026-07-26T00:10:34.980672
tv_danmaku_bili_com_bilibili_bplus_following_event_ui_Follow_tv.danma_s0_1784995838371.png,tv.danmaku.bili,tv.danmaku.bili,9.4.0,tv.danmaku.bili/com.bilibili.bplus.following.event.ui.FollowingEventTopicActivity,tv.danmaku.bili/com.bilibili.bplus.following.event.ui.FollowingEventTopicActivity|0000000000000000000000000000000000000000000000000000000000000000,0,0,ALN-AL00,1440x2560,12,2026-07-26T00:10:38.674262
tv_danmaku_bili_com_bilibili_ship_theseus_detail_UnitedBizDe_tv.danma_s0_1784995846069.png,tv.danmaku.bili,tv.danmaku.bili,9.4.0,tv.danmaku.bili/com.bilibili.ship.theseus.detail.UnitedBizDetailsActivity,tv.danmaku.bili/com.bilibili.ship.theseus.detail.UnitedBizDetailsActivity|000000000000000000000000400000000a200000000110000000000000000001,0,0,ALN-AL00,1440x2560,12,2026-07-26T00:10:46.677099
tv_danmaku_bili_com_bilibili_ship_theseus_detail_UnitedBizDe_tv.danma_s0_1784995854094.png,tv.danmaku.bili,tv.danmaku.bili,9.4.0,tv.danmaku.bili/com.bilibili.ship.theseus.detail.UnitedBizDetailsActivity,tv.danmaku.bili/com.bilibili.ship.theseus.detail.UnitedBizDetailsActivity|000000000000000000000000400000000a200000000108000000000000000001,0,0,ALN-AL00,1440x2560,12,2026-07-26T00:10:54.606403
tv_danmaku_bili__MainActivityV2_tv.danma_s0_1784995869529.png,tv.danmaku.bili,tv.danmaku.bili,9.4.0,tv.danmaku.bili/.MainActivityV2,tv.danmaku.bili/.MainActivityV2|0000000020002555400100000000000000000000000000001000000000000000,0,0,ALN-AL00,1440x2560,12,2026-07-26T00:11:10.098376
tv_danmaku_bili_com_bilibili_lib_ui_GeneralActivity_tv.danma_s0_1784995874066.png,tv.danmaku.bili,tv.danmaku.bili,9.4.0,tv.danmaku.bili/com.bilibili.lib.ui.GeneralActivity,tv.danmaku.bili/com.bilibili.lib.ui.GeneralActivity|0000000000000000400040000000000000000000400000000000000000004000,0,0,ALN-AL00,1440x2560,12,2026-07-26T00:11:14.383956
tv_danmaku_bili_com_bilibili_bplus_followinglist_quick_consu_tv.danma_s0_1784995885185.png,tv.danmaku.bili,tv.danmaku.bili,9.4.0,tv.danmaku.bili/com.bilibili.bplus.followinglist.quick.consume.QuickConsumeActivity,tv.danmaku.bili/com.bilibili.bplus.followinglist.quick.consume.QuickConsumeActivity|0000220000020000000000000000000000000000000000000000000000000000,0,0,ALN-AL00,1440x2560,12,2026-07-26T00:11:26.435360
tv_danmaku_bili_com_bilibili_bplus_followinglist_quick_consu_tv.danma_s0_1784995890215.png,tv.danmaku.bili,tv.danmaku.bili,9.4.0,tv.danmaku.bili/com.bilibili.bplus.followinglist.quick.consume.QuickConsumeActivity,tv.danmaku.bili/com.bilibili.bplus.followinglist.quick.consume.QuickConsumeActivity|0000220000020000000000000000000000000000000000000000000000000000,0,0,ALN-AL00,1440x2560,12,2026-07-26T00:11:30.789972
tv_danmaku_bili_com_bilibili_app_authorspace_ui_AuthorSpaceA_tv.danma_s0_1784995895480.png,tv.danmaku.bili,tv.danmaku.bili,9.4.0,tv.danmaku.bili/com.bilibili.app.authorspace.ui.AuthorSpaceActivity,tv.danmaku.bili/com.bilibili.app.authorspace.ui.AuthorSpaceActivity|0000000020800000000000200000000000000000000000000002010440010000,0,0,ALN-AL00,1440x2560,12,2026-07-26T00:11:35.962574
tv_danmaku_bili_com_bilibili_app_authorspace_ui_AuthorSpaceA_tv.danma_s0_1784995902986.png,tv.danmaku.bili,tv.danmaku.bili,9.4.0,tv.danmaku.bili/com.bilibili.app.authorspace.ui.AuthorSpaceActivity,tv.danmaku.bili/com.bilibili.app.authorspace.ui.AuthorSpaceActivity|0000000020800000000000200000000000000000000000000002010440010000,0,0,ALN-AL00,1440x2560,12,2026-07-26T00:11:43.480425
tv_danmaku_bili_com_bilibili_lib_ui_GeneralActivity_tv.danma_s0_1784995907314.png,tv.danmaku.bili,tv.danmaku.bili,9.4.0,tv.danmaku.bili/com.bilibili.lib.ui.GeneralActivity,tv.danmaku.bili/com.bilibili.lib.ui.GeneralActivity|0000000000000000400000000000000000000000000000000000000000000000,0,0,ALN-AL00,1440x2560,12,2026-07-26T00:11:47.942160
tv_danmaku_bili_com_bilibili_ship_theseus_detail_UnitedBizDe_tv.danma_s0_1784995918231.png,tv.danmaku.bili,tv.danmaku.bili,9.4.0,tv.danmaku.bili/com.bilibili.ship.theseus.detail.UnitedBizDetailsActivity,tv.danmaku.bili/com.bilibili.ship.theseus.detail.UnitedBizDetailsActivity|0000000000000000000000000000000000000000000000000000000000000000,0,0,ALN-AL00,1440x2560,12,2026-07-26T00:11:58.686836
tv_danmaku_bili__MainActivityV2_tv.danma_s0_1784995943218.png,tv.danmaku.bili,tv.danmaku.bili,9.4.0,tv.danmaku.bili/.MainActivityV2,tv.danmaku.bili/.MainActivityV2|0000208400000220000000000000000000000080008000000000000000000000,0,0,ALN-AL00,1440x2560,12,2026-07-26T00:12:24.062623
tv_danmaku_bili_com_mall_ui_page_search_SearchFragmentLoadAc_tv.danma_s0_1784995948746.png,tv.danmaku.bili,tv.danmaku.bili,9.4.0,tv.danmaku.bili/com.mall.ui.page.search.SearchFragmentLoadActivity,tv.danmaku.bili/com.mall.ui.page.search.SearchFragmentLoadActivity|0000000008000000401002100210421042100000000000000000000000000000,0,0,ALN-AL00,1440x2560,12,2026-07-26T00:12:29.071526
tv_danmaku_bili_com_mall_ui_page_base_MallWebFragmentLoaderA_tv.danma_s0_1784995953533.png,tv.danmaku.bili,tv.danmaku.bili,9.4.0,tv.danmaku.bili/com.mall.ui.page.base.MallWebFragmentLoaderActivity,tv.danmaku.bili/com.mall.ui.page.base.MallWebFragmentLoaderActivity|0000400024200000000000000000000001010101010100000040000001010101,0,0,ALN-AL00,1440x2560,12,2026-07-26T00:12:34.139593
tv_danmaku_bili_com_mall_ui_page_base_MallFragmentLoaderActi_tv.danma_s0_1784995957729.png,tv.danmaku.bili,tv.danmaku.bili,9.4.0,tv.danmaku.bili/com.mall.ui.page.base.MallFragmentLoaderActivity,tv.danmaku.bili/com.mall.ui.page.base.MallFragmentLoaderActivity|0000124200000200000001000080000010100000008000000000080000000000,0,0,ALN-AL00,1440x2560,12,2026-07-26T00:12:38.511121
tv_danmaku_bili_com_mall_ui_page_base_MallFragmentLoaderActi_tv.danma_s0_1784995962384.png,tv.danmaku.bili,tv.danmaku.bili,9.4.0,tv.danmaku.bili/com.mall.ui.page.base.MallFragmentLoaderActivity,tv.danmaku.bili/com.mall.ui.page.base.MallFragmentLoaderActivity|00000000020002000a0002000200020000020200020002000200020002002000,0,0,ALN-AL00,1440x2560,12,2026-07-26T00:12:43.018780
tv_danmaku_bili_com_mall_ui_page_base_MallWebFragmentLoaderA_tv.danma_s0_1784995966572.png,tv.danmaku.bili,tv.danmaku.bili,9.4.0,tv.danmaku.bili/com.mall.ui.page.base.MallWebFragmentLoaderActivity,tv.danmaku.bili/com.mall.ui.page.base.MallWebFragmentLoaderActivity|0000000420420110010101010101010100000001010001010101010100010001,0,0,ALN-AL00,1440x2560,12,2026-07-26T00:12:47.253170
tv_danmaku_bili_com_mall_ui_page_base_MallWebFragmentLoaderA_tv.danma_s0_1784995970699.png,tv.danmaku.bili,tv.danmaku.bili,9.4.0,tv.danmaku.bili/com.mall.ui.page.base.MallWebFragmentLoaderActivity,tv.danmaku.bili/com.mall.ui.page.base.MallWebFragmentLoaderActivity|0000000100000000000000000000000000000000000000000000000000000000,0,0,ALN-AL00,1440x2560,12,2026-07-26T00:12:51.415529
tv_danmaku_bili_kntr_common_compose_launcher_VertexActivity_tv.danma_s0_1784995992007.png,tv.danmaku.bili,tv.danmaku.bili,9.4.0,tv.danmaku.bili/kntr.common.compose.launcher.VertexActivity,tv.danmaku.bili/kntr.common.compose.launcher.VertexActivity|0000000000000000000000000000000000000000000000000000000000000000,0,0,ALN-AL00,1440x2560,12,2026-07-26T00:13:12.318926
tv_danmaku_bili__MainActivityV2_tv.danma_s0_1784996028940.png,tv.danmaku.bili,tv.danmaku.bili,9.4.0,tv.danmaku.bili/.MainActivityV2,tv.danmaku.bili/.MainActivityV2|0000000000000000000000000000000000000100010001010100010000000000,0,0,ALN-AL00,1440x2560,12,2026-07-26T00:13:49.800008
tv_danmaku_bili_com_bilibili_search2_main_BiliMainSearchActi_tv.danma_s0_1784996033770.png,tv.danmaku.bili,tv.danmaku.bili,9.4.0,tv.danmaku.bili/com.bilibili.search2.main.BiliMainSearchActivity,tv.danmaku.bili/com.bilibili.search2.main.BiliMainSearchActivity|0000000000800080000020000002000000000000000000000000000000000000,0,0,ALN-AL00,1440x2560,12,2026-07-26T00:13:54.078906
tv_danmaku_bili_com_bilibili_lib_ui_GeneralActivity_tv.danma_s0_1784996044896.png,tv.danmaku.bili,tv.danmaku.bili,9.4.0,tv.danmaku.bili/com.bilibili.lib.ui.GeneralActivity,tv.danmaku.bili/com.bilibili.lib.ui.GeneralActivity|0000000000010000080045100110051045100800000008004510011000010110,0,0,ALN-AL00,1440x2560,12,2026-07-26T00:14:05.223680
tv_danmaku_bili_com_bilibili_ship_theseus_detail_UnitedBizDe_tv.danma_s0_1784996054885.png,tv.danmaku.bili,tv.danmaku.bili,9.4.0,tv.danmaku.bili/com.bilibili.ship.theseus.detail.UnitedBizDetailsActivity,tv.danmaku.bili/com.bilibili.ship.theseus.detail.UnitedBizDetailsActivity|000000000000000000000000400000000a200000000114000000000000000001,0,0,ALN-AL00,1440x2560,12,2026-07-26T00:14:15.530336
tv_danmaku_bili_com_bilibili_ship_theseus_detail_UnitedBizDe_tv.danma_s0_1784996062927.png,tv.danmaku.bili,tv.danmaku.bili,9.4.0,tv.danmaku.bili/com.bilibili.ship.theseus.detail.UnitedBizDetailsActivity,tv.danmaku.bili/com.bilibili.ship.theseus.detail.UnitedBizDetailsActivity|000000000000000000000000400000000a200000000114000000000000000001,0,0,ALN-AL00,1440x2560,12,2026-07-26T00:14:23.528733
tv_danmaku_bili__MainActivityV2_tv.danma_s0_1784996074294.png,tv.danmaku.bili,tv.danmaku.bili,9.4.0,tv.danmaku.bili/.MainActivityV2,tv.danmaku.bili/.MainActivityV2|0000000000000000000000000000540854081008100800000000000000000000,0,0,ALN-AL00,1440x2560,12,2026-07-26T00:14:34.578198
tv_danmaku_bili__ui_personinfo_PersonInfoActivity_tv.danma_s0_1784996085021.png,tv.danmaku.bili,tv.danmaku.bili,9.4.0,tv.danmaku.bili/.ui.personinfo.PersonInfoActivity,tv.danmaku.bili/.ui.personinfo.PersonInfoActivity|0000000000000000000040000000000000000000000000000000000000000000,0,0,ALN-AL00,1440x2560,12,2026-07-26T00:14:45.320036
tv_danmaku_bili_com_bilibili_app_authorspace_local_LocalAuth_tv.danma_s0_1784996088956.png,tv.danmaku.bili,tv.danmaku.bili,9.4.0,tv.danmaku.bili/com.bilibili.app.authorspace.local.LocalAuthorSpaceActivity,tv.danmaku.bili/com.bilibili.app.authorspace.local.LocalAuthorSpaceActivity|0000000010001000000000000000000000000000000000000000000000000000,0,0,ALN-AL00,1440x2560,12,2026-07-26T00:14:49.286235
tv_danmaku_bili_com_bilibili_app_authorspace_local_LocalAuth_tv.danma_s0_1784996092960.png,tv.danmaku.bili,tv.danmaku.bili,9.4.0,tv.danmaku.bili/com.bilibili.app.authorspace.local.LocalAuthorSpaceActivity,tv.danmaku.bili/com.bilibili.app.authorspace.local.LocalAuthorSpaceActivity|0000000010001000000000000000000000000000000000000000000000000000,0,0,ALN-AL00,1440x2560,12,2026-07-26T00:14:53.313064
tv_danmaku_bili_com_bilibili_app_authorspace_local_LocalAuth_tv.danma_s0_1784996096905.png,tv.danmaku.bili,tv.danmaku.bili,9.4.0,tv.danmaku.bili/com.bilibili.app.authorspace.local.LocalAuthorSpaceActivity,tv.danmaku.bili/com.bilibili.app.authorspace.local.LocalAuthorSpaceActivity|0000000010001000000000000000000000000000000000000000000000000000,0,0,ALN-AL00,1440x2560,12,2026-07-26T00:14:57.246023
tv_danmaku_bili__ui_webview_MWebActivity_tv.danma_s0_1784996101838.png,tv.danmaku.bili,tv.danmaku.bili,9.4.0,tv.danmaku.bili/.ui.webview.MWebActivity,tv.danmaku.bili/.ui.webview.MWebActivity|0000040000004000400040040004400400000000000040040004400040004000,0,0,ALN-AL00,1440x2560,12,2026-07-26T00:15:02.175587
tv_danmaku_bili__ui_webview_MWebActivity_tv.danma_s0_1784996105823.png,tv.danmaku.bili,tv.danmaku.bili,9.4.0,tv.danmaku.bili/.ui.webview.MWebActivity,tv.danmaku.bili/.ui.webview.MWebActivity|0000040000000000000040040000000000000000000000000000000000000000,0,0,ALN-AL00,1440x2560,12,2026-07-26T00:15:06.133781
tv_danmaku_bili_com_bilibili_vip_web_VipWebActivity_tv.danma_s0_1784996111827.png,tv.danmaku.bili,tv.danmaku.bili,9.4.0,tv.danmaku.bili/com.bilibili.vip.web.VipWebActivity,tv.danmaku.bili/com.bilibili.vip.web.VipWebActivity|0000500052000000000000000801000224812481000100010000002108210002,0,0,ALN-AL00,1440x2560,12,2026-07-26T00:15:12.682294
tv_danmaku_bili_com_bilibili_vip_web_VipWebActivity_tv.danma_s0_1784996118337.png,tv.danmaku.bili,tv.danmaku.bili,9.4.0,tv.danmaku.bili/com.bilibili.vip.web.VipWebActivity,tv.danmaku.bili/com.bilibili.vip.web.VipWebActivity|0000500152010000000000000801000224812481000100010000002108210002,0,0,ALN-AL00,1440x2560,12,2026-07-26T00:15:18.883632
tv_danmaku_bili_kntr_common_compose_launcher_VertexActivity_tv.danma_s0_1784996122322.png,tv.danmaku.bili,tv.danmaku.bili,9.4.0,tv.danmaku.bili/kntr.common.compose.launcher.VertexActivity,tv.danmaku.bili/kntr.common.compose.launcher.VertexActivity|0000000000000000000000000000040004000400000000000000000000000000,0,0,ALN-AL00,1440x2560,12,2026-07-26T00:15:22.607026
tv_danmaku_bili_com_bilibili_lib_ui_GeneralActivity_tv.danma_s0_1784996126396.png,tv.danmaku.bili,tv.danmaku.bili,9.4.0,tv.danmaku.bili/com.bilibili.lib.ui.GeneralActivity,tv.danmaku.bili/com.bilibili.lib.ui.GeneralActivity|0000000000000000100000001000100110000000100010000000200110000000,0,0,ALN-AL00,1440x2560,12,2026-07-26T00:15:26.873175
tv_danmaku_bili_kntr_common_compose_launcher_VertexActivity_tv.danma_s0_1784996130360.png,tv.danmaku.bili,tv.danmaku.bili,9.4.0,tv.danmaku.bili/kntr.common.compose.launcher.VertexActivity,tv.danmaku.bili/kntr.common.compose.launcher.VertexActivity|0000000000000000000000000000000000000000000000000000000000000000,0,0,ALN-AL00,1440x2560,12,2026-07-26T00:15:30.696266
tv_danmaku_bili__ui_webview_MWebActivity_tv.danma_s0_1784996140295.png,tv.danmaku.bili,tv.danmaku.bili,9.4.0,tv.danmaku.bili/.ui.webview.MWebActivity,tv.danmaku.bili/.ui.webview.MWebActivity|0000000000000000085000000000042100000000010101000100010100000144,0,0,ALN-AL00,1440x2560,12,2026-07-26T00:15:41.007890
tv_danmaku_bili__ui_freedata_FreeDataEntranceActivity_tv.danma_s0_1784996144778.png,tv.danmaku.bili,tv.danmaku.bili,9.4.0,tv.danmaku.bili/.ui.freedata.FreeDataEntranceActivity,tv.danmaku.bili/.ui.freedata.FreeDataEntranceActivity|0000000000000000000000140000204000002000000000000000200000000000,0,0,ALN-AL00,1440x2560,12,2026-07-26T00:15:45.257823
tv_danmaku_bili__ui_webview_MWebActivity_tv.danma_s0_1784996148912.png,tv.danmaku.bili,tv.danmaku.bili,9.4.0,tv.danmaku.bili/.ui.webview.MWebActivity,tv.danmaku.bili/.ui.webview.MWebActivity|0000040000000001000100010000050500000000000900090009410000092000,0,0,ALN-AL00,1440x2560,12,2026-07-26T00:15:49.643692
tv_danmaku_bili__ui_webview_MWebActivity_tv.danma_s0_1784996153248.png,tv.danmaku.bili,tv.danmaku.bili,9.4.0,tv.danmaku.bili/.ui.webview.MWebActivity,tv.danmaku.bili/.ui.webview.MWebActivity|000040000000202000000000000000400000000000a800004000410041004100,0,0,ALN-AL00,1440x2560,12,2026-07-26T00:15:53.717752
tv_danmaku_bili_com_bilibili_biligame_ui_GameCenterHomeActiv_tv.danma_s0_1784996157591.png,tv.danmaku.bili,tv.danmaku.bili,9.4.0,tv.danmaku.bili/com.bilibili.biligame.ui.GameCenterHomeActivity,tv.danmaku.bili/com.bilibili.biligame.ui.GameCenterHomeActivity|0000000028500000000000000000000000000000000000000000020000000000,0,0,ALN-AL00,1440x2560,12,2026-07-26T00:15:57.981938
tv_danmaku_bili_com_mall_ui_page_base_MallFragmentLoaderActi_tv.danma_s0_1784996162446.png,tv.danmaku.bili,tv.danmaku.bili,9.4.0,tv.danmaku.bili/com.mall.ui.page.base.MallFragmentLoaderActivity,tv.danmaku.bili/com.mall.ui.page.base.MallFragmentLoaderActivity|0000208449020000000000000000000000800000000000000000008000000000,0,0,ALN-AL00,1440x2560,12,2026-07-26T00:16:03.191102
tv_danmaku_bili_com_bilibili_comic_BiliComicHomeActivity_tv.danma_s0_1784996166783.png,tv.danmaku.bili,tv.danmaku.bili,9.4.0,tv.danmaku.bili/com.bilibili.comic.BiliComicHomeActivity,tv.danmaku.bili/com.bilibili.comic.BiliComicHomeActivity|0000000010001000100010000000100000001000000010001000100010001000,0,0,ALN-AL00,1440x2560,12,2026-07-26T00:16:07.199903
tv_danmaku_bili__ui_webview_MWebActivity_tv.danma_s0_1784996170905.png,tv.danmaku.bili,tv.danmaku.bili,9.4.0,tv.danmaku.bili/.ui.webview.MWebActivity,tv.danmaku.bili/.ui.webview.MWebActivity|0000000000000000000000004000000000000000000000000000400000000000,0,0,ALN-AL00,1440x2560,12,2026-07-26T00:16:11.366972
tv_danmaku_bili_com_bilibili_lib_ui_GeneralActivity_tv.danma_s0_1784996174999.png,tv.danmaku.bili,tv.danmaku.bili,9.4.0,tv.danmaku.bili/com.bilibili.lib.ui.GeneralActivity,tv.danmaku.bili/com.bilibili.lib.ui.GeneralActivity|0000000000040001000000000000000000010001000100010001042100010000,0,0,ALN-AL00,1440x2560,12,2026-07-26T00:16:15.606691
tv_danmaku_bili_com_bilibili_bplus_following_event_ui_Follow_tv.danma_s0_1784996180242.png,tv.danmaku.bili,tv.danmaku.bili,9.4.0,tv.danmaku.bili/com.bilibili.bplus.following.event.ui.FollowingEventTopicActivity,tv.danmaku.bili/com.bilibili.bplus.following.event.ui.FollowingEventTopicActivity|0000000000000000000000000000000000001100004800000000000010081000,0,0,ALN-AL00,1440x2560,12,2026-07-26T00:16:20.884620
tv_danmaku_bili__ui_webview_MWebActivity_tv.danma_s0_1784996185989.png,tv.danmaku.bili,tv.danmaku.bili,9.4.0,tv.danmaku.bili/.ui.webview.MWebActivity,tv.danmaku.bili/.ui.webview.MWebActivity|0000000000004000400040044004400450104000000004000400040000000000,0,0,ALN-AL00,1440x2560,12,2026-07-26T00:16:26.947261
tv_danmaku_bili__ui_webview_MWebActivity_tv.danma_s0_1784996190616.png,tv.danmaku.bili,tv.danmaku.bili,9.4.0,tv.danmaku.bili/.ui.webview.MWebActivity,tv.danmaku.bili/.ui.webview.MWebActivity|0000000000000000000000000000000008144890000000000000000000000000,0,0,ALN-AL00,1440x2560,12,2026-07-26T00:16:31.195236
tv_danmaku_bili__ui_webview_MWebActivity_tv.danma_s0_1784996195073.png,tv.danmaku.bili,tv.danmaku.bili,9.4.0,tv.danmaku.bili/.ui.webview.MWebActivity,tv.danmaku.bili/.ui.webview.MWebActivity|0000000000000000000000000000040100000040000000020002000000400000,0,0,ALN-AL00,1440x2560,12,2026-07-26T00:16:36.333345
tv_danmaku_bili__ui_webview_MWebActivity_tv.danma_s0_1784996200040.png,tv.danmaku.bili,tv.danmaku.bili,9.4.0,tv.danmaku.bili/.ui.webview.MWebActivity,tv.danmaku.bili/.ui.webview.MWebActivity|0000000000010001000100000000000000000000000000000000000000000000,0,0,ALN-AL00,1440x2560,12,2026-07-26T00:16:41.026833
tv_danmaku_bili__ui_webview_MWebActivity_tv.danma_s0_1784996204958.png,tv.danmaku.bili,tv.danmaku.bili,9.4.0,tv.danmaku.bili/.ui.webview.MWebActivity,tv.danmaku.bili/.ui.webview.MWebActivity|0000000001200000000000000000000000000000000000000000000000000000,0,0,ALN-AL00,1440x2560,12,2026-07-26T00:16:45.292708
tv_danmaku_bili_com_bilibili_music_podcast_MusicPodcastMainA_tv.danma_s0_1784996209458.png,tv.danmaku.bili,tv.danmaku.bili,9.4.0,tv.danmaku.bili/com.bilibili.music.podcast.MusicPodcastMainActivity,tv.danmaku.bili/com.bilibili.music.podcast.MusicPodcastMainActivity|0000000020010001000100010000000000000000000000000000400000000541,0,0,ALN-AL00,1440x2560,12,2026-07-26T00:16:49.931715
tv_danmaku_bili__ui_webview_MWebActivity_tv.danma_s0_1784996213330.png,tv.danmaku.bili,tv.danmaku.bili,9.4.0,tv.danmaku.bili/.ui.webview.MWebActivity,tv.danmaku.bili/.ui.webview.MWebActivity|0000000000000000000000000000000000000000000000000000000000000000,0,0,ALN-AL00,1440x2560,12,2026-07-26T00:16:53.631774
tv_danmaku_bili_com_bilibili_app_preferences_BiliPreferences_tv.danma_s0_1784996220697.png,tv.danmaku.bili,tv.danmaku.bili,9.4.0,tv.danmaku.bili/com.bilibili.app.preferences.BiliPreferencesActivity,tv.danmaku.bili/com.bilibili.app.preferences.BiliPreferencesActivity|0000000000000000000000000000000000000000000000000000000000000000,0,0,ALN-AL00,1440x2560,12,2026-07-26T00:17:01.014759
tv_danmaku_bili__MainActivityV2_tv.danma_s0_1784996232396.png,tv.danmaku.bili,tv.danmaku.bili,9.4.0,tv.danmaku.bili/.MainActivityV2,tv.danmaku.bili/.MainActivityV2|0000000000000000000000000000540854081008100800000000000000000000,0,0,ALN-AL00,1440x2560,12,2026-07-26T00:17:13.134587
tv_danmaku_bili__ui_personinfo_PersonInfoActivity_tv.danma_s0_1784996243717.png,tv.danmaku.bili,tv.danmaku.bili,9.4.0,tv.danmaku.bili/.ui.personinfo.PersonInfoActivity,tv.danmaku.bili/.ui.personinfo.PersonInfoActivity|0000000000000000000040000000000000000000000000000000000000000000,0,0,ALN-AL00,1440x2560,12,2026-07-26T00:17:24.147212
tv_danmaku_bili_com_bilibili_app_authorspace_local_LocalAuth_tv.danma_s0_1784996247730.png,tv.danmaku.bili,tv.danmaku.bili,9.4.0,tv.danmaku.bili/com.bilibili.app.authorspace.local.LocalAuthorSpaceActivity,tv.danmaku.bili/com.bilibili.app.authorspace.local.LocalAuthorSpaceActivity|0000000010001000000000000000000000000000000000000000000000000000,0,0,ALN-AL00,1440x2560,12,2026-07-26T00:17:28.069945
tv_danmaku_bili_com_bilibili_app_authorspace_local_LocalAuth_tv.danma_s0_1784996251749.png,tv.danmaku.bili,tv.danmaku.bili,9.4.0,tv.danmaku.bili/com.bilibili.app.authorspace.local.LocalAuthorSpaceActivity,tv.danmaku.bili/com.bilibili.app.authorspace.local.LocalAuthorSpaceActivity|0000000010001000000000000000000000000000000000000000000000000000,0,0,ALN-AL00,1440x2560,12,2026-07-26T00:17:32.072689
tv_danmaku_bili_com_bilibili_app_authorspace_local_LocalAuth_tv.danma_s0_1784996255963.png,tv.danmaku.bili,tv.danmaku.bili,9.4.0,tv.danmaku.bili/com.bilibili.app.authorspace.local.LocalAuthorSpaceActivity,tv.danmaku.bili/com.bilibili.app.authorspace.local.LocalAuthorSpaceActivity|0000000010001000000000000000000000000000000000000000000000000000,0,0,ALN-AL00,1440x2560,12,2026-07-26T00:17:36.286511
tv_danmaku_bili__ui_webview_MWebActivity_tv.danma_s0_1784996260652.png,tv.danmaku.bili,tv.danmaku.bili,9.4.0,tv.danmaku.bili/.ui.webview.MWebActivity,tv.danmaku.bili/.ui.webview.MWebActivity|0000040000004000400040040004400400000000000040040004400040004000,0,0,ALN-AL00,1440x2560,12,2026-07-26T00:17:40.971465
tv_danmaku_bili__ui_webview_MWebActivity_tv.danma_s0_1784996264707.png,tv.danmaku.bili,tv.danmaku.bili,9.4.0,tv.danmaku.bili/.ui.webview.MWebActivity,tv.danmaku.bili/.ui.webview.MWebActivity|0000040000000000000040040000000000000000000000000000000000000000,0,0,ALN-AL00,1440x2560,12,2026-07-26T00:17:45.011215
tv_danmaku_bili_com_bilibili_vip_web_VipWebActivity_tv.danma_s0_1784996270578.png,tv.danmaku.bili,tv.danmaku.bili,9.4.0,tv.danmaku.bili/com.bilibili.vip.web.VipWebActivity,tv.danmaku.bili/com.bilibili.vip.web.VipWebActivity|0000500152010000000000000801000224812481000100010000002108210002,0,0,ALN-AL00,1440x2560,12,2026-07-26T00:17:51.228519
tv_danmaku_bili_com_bilibili_vip_web_VipWebActivity_tv.danma_s0_1784996276879.png,tv.danmaku.bili,tv.danmaku.bili,9.4.0,tv.danmaku.bili/com.bilibili.vip.web.VipWebActivity,tv.danmaku.bili/com.bilibili.vip.web.VipWebActivity|0000500152010000000000000801000224812481000100010000002108210002,0,0,ALN-AL00,1440x2560,12,2026-07-26T00:17:57.414730
tv_danmaku_bili_com_bilibili_lib_ui_GeneralActivity_tv.danma_s0_1784996284854.png,tv.danmaku.bili,tv.danmaku.bili,9.4.0,tv.danmaku.bili/com.bilibili.lib.ui.GeneralActivity,tv.danmaku.bili/com.bilibili.lib.ui.GeneralActivity|0000000000000000100000001000100010010000100110000000100010000000,0,0,ALN-AL00,1440x2560,12,2026-07-26T00:18:05.308802
tv_danmaku_bili_kntr_common_compose_launcher_VertexActivity_tv.danma_s0_1784996288876.png,tv.danmaku.bili,tv.danmaku.bili,9.4.0,tv.danmaku.bili/kntr.common.compose.launcher.VertexActivity,tv.danmaku.bili/kntr.common.compose.launcher.VertexActivity|0000000000000000000000000000000000000000000000000000000000000000,0,0,ALN-AL00,1440x2560,12,2026-07-26T00:18:09.213188
tv_danmaku_bili__ui_webview_MWebActivity_tv.danma_s0_1784996298968.png,tv.danmaku.bili,tv.danmaku.bili,9.4.0,tv.danmaku.bili/.ui.webview.MWebActivity,tv.danmaku.bili/.ui.webview.MWebActivity|0000000000000000085000000000042100000000010101000100010100000144,0,0,ALN-AL00,1440x2560,12,2026-07-26T00:18:19.689815
tv_danmaku_bili__ui_freedata_FreeDataEntranceActivity_tv.danma_s0_1784996303355.png,tv.danmaku.bili,tv.danmaku.bili,9.4.0,tv.danmaku.bili/.ui.freedata.FreeDataEntranceActivity,tv.danmaku.bili/.ui.freedata.FreeDataEntranceActivity|0000000000000000000000140000204000002000000000000000200000000000,0,0,ALN-AL00,1440x2560,12,2026-07-26T00:18:23.840114
tv_danmaku_bili__ui_webview_MWebActivity_tv.danma_s0_1784996307531.png,tv.danmaku.bili,tv.danmaku.bili,9.4.0,tv.danmaku.bili/.ui.webview.MWebActivity,tv.danmaku.bili/.ui.webview.MWebActivity|0000040000000001000100010000050500000000000900090009410000092000,0,0,ALN-AL00,1440x2560,12,2026-07-26T00:18:28.273240
tv_danmaku_bili__ui_webview_MWebActivity_tv.danma_s0_1784996311824.png,tv.danmaku.bili,tv.danmaku.bili,9.4.0,tv.danmaku.bili/.ui.webview.MWebActivity,tv.danmaku.bili/.ui.webview.MWebActivity|000040000000202000000000000000400000000000a800004000410041004100,0,0,ALN-AL00,1440x2560,12,2026-07-26T00:18:32.242043
tv_danmaku_bili_com_bilibili_biligame_ui_GameCenterHomeActiv_tv.danma_s0_1784996316210.png,tv.danmaku.bili,tv.danmaku.bili,9.4.0,tv.danmaku.bili/com.bilibili.biligame.ui.GameCenterHomeActivity,tv.danmaku.bili/com.bilibili.biligame.ui.GameCenterHomeActivity|0000000028500000000000000000000000000000000000000000020000000000,0,0,ALN-AL00,1440x2560,12,2026-07-26T00:18:36.583449
tv_danmaku_bili_com_mall_ui_page_base_MallFragmentLoaderActi_tv.danma_s0_1784996320904.png,tv.danmaku.bili,tv.danmaku.bili,9.4.0,tv.danmaku.bili/com.mall.ui.page.base.MallFragmentLoaderActivity,tv.danmaku.bili/com.mall.ui.page.base.MallFragmentLoaderActivity|0000208449020000000000000000000000800000000000000000008000800000,0,0,ALN-AL00,1440x2560,12,2026-07-26T00:18:41.661523
tv_danmaku_bili_com_bilibili_comic_BiliComicHomeActivity_tv.danma_s0_1784996325182.png,tv.danmaku.bili,tv.danmaku.bili,9.4.0,tv.danmaku.bili/com.bilibili.comic.BiliComicHomeActivity,tv.danmaku.bili/com.bilibili.comic.BiliComicHomeActivity|0000000010001000100010000000100000001000000010001000100010001000,0,0,ALN-AL00,1440x2560,12,2026-07-26T00:18:45.576264
tv_danmaku_bili__ui_webview_MWebActivity_tv.danma_s0_1784996329177.png,tv.danmaku.bili,tv.danmaku.bili,9.4.0,tv.danmaku.bili/.ui.webview.MWebActivity,tv.danmaku.bili/.ui.webview.MWebActivity|0000000000000000000000004000000000000000000000000800400000000000,0,0,ALN-AL00,1440x2560,12,2026-07-26T00:18:49.612906
tv_danmaku_bili_com_bilibili_lib_ui_GeneralActivity_tv.danma_s0_1784996333217.png,tv.danmaku.bili,tv.danmaku.bili,9.4.0,tv.danmaku.bili/com.bilibili.lib.ui.GeneralActivity,tv.danmaku.bili/com.bilibili.lib.ui.GeneralActivity|0000000000080001000000000000000000010001000100010001042100010000,0,0,ALN-AL00,1440x2560,12,2026-07-26T00:18:53.827192
tv_danmaku_bili_com_bilibili_bplus_following_event_ui_Follow_tv.danma_s0_1784996338402.png,tv.danmaku.bili,tv.danmaku.bili,9.4.0,tv.danmaku.bili/com.bilibili.bplus.following.event.ui.FollowingEventTopicActivity,tv.danmaku.bili/com.bilibili.bplus.following.event.ui.FollowingEventTopicActivity|0000000200000000000000000000000000001100004800000000000010081000,0,0,ALN-AL00,1440x2560,12,2026-07-26T00:18:59.015255
tv_danmaku_bili__ui_webview_MWebActivity_tv.danma_s0_1784996344092.png,tv.danmaku.bili,tv.danmaku.bili,9.4.0,tv.danmaku.bili/.ui.webview.MWebActivity,tv.danmaku.bili/.ui.webview.MWebActivity|0000000000004000400040044004400450104000000004000400040000000000,0,0,ALN-AL00,1440x2560,12,2026-07-26T00:19:05.047011
tv_danmaku_bili__ui_webview_MWebActivity_tv.danma_s0_1784996348767.png,tv.danmaku.bili,tv.danmaku.bili,9.4.0,tv.danmaku.bili/.ui.webview.MWebActivity,tv.danmaku.bili/.ui.webview.MWebActivity|0000000000000000000000000000000008144890000000000000000000000000,0,0,ALN-AL00,1440x2560,12,2026-07-26T00:19:09.348332
tv_danmaku_bili__ui_webview_MWebActivity_tv.danma_s0_1784996353199.png,tv.danmaku.bili,tv.danmaku.bili,9.4.0,tv.danmaku.bili/.ui.webview.MWebActivity,tv.danmaku.bili/.ui.webview.MWebActivity|0000000000000000000000000000040100000040000000020002000000400000,0,0,ALN-AL00,1440x2560,12,2026-07-26T00:19:14.270267
tv_danmaku_bili__ui_webview_MWebActivity_tv.danma_s0_1784996357895.png,tv.danmaku.bili,tv.danmaku.bili,9.4.0,tv.danmaku.bili/.ui.webview.MWebActivity,tv.danmaku.bili/.ui.webview.MWebActivity|0000000000010001000100000000000000000000000000000000000000000000,0,0,ALN-AL00,1440x2560,12,2026-07-26T00:19:18.893076
tv_danmaku_bili__ui_webview_MWebActivity_tv.danma_s0_1784996362869.png,tv.danmaku.bili,tv.danmaku.bili,9.4.0,tv.danmaku.bili/.ui.webview.MWebActivity,tv.danmaku.bili/.ui.webview.MWebActivity|0000000001200000000000000000000000000000000000000000000000000000,0,0,ALN-AL00,1440x2560,12,2026-07-26T00:19:23.188188
tv_danmaku_bili_com_bilibili_music_podcast_MusicPodcastMainA_tv.danma_s0_1784996367150.png,tv.danmaku.bili,tv.danmaku.bili,9.4.0,tv.danmaku.bili/com.bilibili.music.podcast.MusicPodcastMainActivity,tv.danmaku.bili/com.bilibili.music.podcast.MusicPodcastMainActivity|0000000020010001000100010000000000000000000000000000400000000541,0,0,ALN-AL00,1440x2560,12,2026-07-26T00:19:27.622563
